<beans xmlns="http://www.springframework.org/schema/beans"
       xmlns:xsi="http://www.w3.org/2001/XMLSchema-instance"
       xmlns:mvc="http://www.springframework.org/schema/mvc"
       xmlns:context="http://www.springframework.org/schema/context"
       xsi:schemaLocation="
        http://www.springframework.org/schema/beans
        http://www.springframework.org/schema/beans/spring-beans.xsd
        http://www.springframework.org/schema/context
        http://www.springframework.org/schema/context/spring-context.xsd
        http://www.springframework.org/schema/mvc
        http://www.springframework.org/schema/mvc/spring-mvc.xsd
        http://www.springframework.org/schema/task
        http://www.springframework.org/schema/task/spring-task.xsd">
<!--    配置注解扫描-->
    <context:component-scan base-package="cn.itheima">
<!--        只扫描哪里-->
     <context:include-filter type="annotation" expression="org.springframework.stereotype.Controller"/>
    </context:component-scan>
<!--    视图解析器-->
    <bean class="org.springframework.web.servlet.view.InternalResourceViewResolver">
        <property name="prefix" value="/pages/"></property>
        <property name="suffix" value=".jsp"></property>
    </bean>
<!--    过滤器静态资源-->
    <mvc:default-servlet-handler/>
    <mvc:resources mapping="/js/" location="/js/"></mvc:resources>
    <mvc:resources mapping="/css/**" location="/css/"></mvc:resources>
    <mvc:resources mapping="/fonts/**" location="/fonts/"></mvc:resources>
    <mvc:resources mapping="/images/**" location="/images/"></mvc:resources>
    <mvc:resources mapping="/lib/**" location="/lib/"></mvc:resources>
<!--    开启springmvc注解的支持-->
    <mvc:annotation-driven></mvc:annotation-driven>
</beans>